Model,Method,Horizon,R2,MAE,RMSE,MAE_USD,RMSE_USD,DirAcc,Naive_R2,Naive_MAE,Naive_RMSE,Naive_MAE_USD,Naive_RMSE_USD,Const_DirAcc,Pct_Up,Pct_Down,PerStock_MeanMAPE,PerStock_MedianMAPE,PerStock_StdMAPE,PerStock_MinMAPE,PerStock_MaxMAPE,N_Stocks,N_Test_Samples
DLinear,sequential,5,0.9955689768901336,0.07107917219400406,0.3021244180079494,2.754960587690625,15.226647752881586,0.5031952821938696,0.9958956952147493,0.06474149227142334,0.29077270148828893,2.3841450133781903,14.636832735151907,0.5242177831834671,0.5242177831834671,0.47062179000313364,3.058993623798063,2.394664424162435,2.0514579324656665,1.1580067314322484,10.593508257498465,49,188279
DLinear,sequential,20,0.9851614351940877,0.13367719948291779,0.5514964607190913,5.2461508496052405,27.45211450807243,0.5041171888724798,0.9857853705156429,0.12361067533493042,0.5397772266346431,4.613674850030936,26.76653607241634,0.5421106513671459,0.5421106513671459,0.4549377746022267,5.9756982638279155,4.312776308585035,4.5219554453946476,2.1011861666836107,23.09525963305557,49,187544
DLinear,sequential,60,0.9631824816965613,0.2273758053779602,0.8636661206713233,8.931232923126531,43.57951523962619,0.5018296708877523,0.9625411702810412,0.2159917652606964,0.8711555698508572,8.143771107013771,43.52467731065202,0.5621299070322154,0.5621299070322154,0.43610512400494295,10.520041371312967,7.2543587200213295,8.803350638627977,3.403871224553424,45.793882386474735,49,185584
DLinear,sequential,120,0.932731127653783,0.319175660610199,1.1582426479344217,12.876653584190446,58.93965275821537,0.5344254084134913,0.9319997600864363,0.3102499842643738,1.1645220163179646,11.700778546979373,57.586971119134795,0.5826840739361818,0.5826840739361818,0.41607165670192653,16.127835066937322,10.176113660380317,15.588728658802411,4.706506380142013,83.29872855954191,49,182644
DLinear,sequential,240,0.868566966408288,0.4648549556732178,1.5985187170551476,18.556990922888527,78.43452304179525,0.5388139105974,0.8731550751549423,0.4515097737312317,1.5703700420407953,17.027803123159664,76.40773249556338,0.6067580668574509,0.6067580668574509,0.3923854068870866,24.174998027815715,13.546753235347156,26.48194944005623,6.018124625878869,147.98668915754612,48,176814
