Model,Horizon,MSE,MAE,R2,RMSE,MSE_USD,MAE_USD,RMSE_USD
DLinear,5,0.08589658,0.06630394,0.99583024,0.2930812,219.2201792872525,2.5120078399572767,14.80608588679846
DLinear,20,0.2917211651802063,0.1251542270183563,0.9857677221298218,0.5401121973991394,728.3087932769342,4.803110011194811,26.98719683992641
DLinear,60,0.7468866109848022,0.2195964455604553,0.9631347060203552,0.8642260432243347,1907.551442425112,8.465338049621788,43.67552452375485
DLinear,120,1.3406610488891602,0.3133497238159179,0.9327744841575624,1.1578692197799685,3350.921206218455,12.074293910855165,57.8871419765949
DLinear,240,2.3872427940368652,0.4488740563392639,0.8772092461585999,1.5450705289840698,5962.776337663029,17.565953853389644,77.21901538910626
