Model,Horizon,MSE,MAE,R2
iTransformer,3,0.061853893,0.055019546,0.9968423
iTransformer,40,0.5058235,0.17502452,0.97385484
GCFormer,3,0.059754867,0.05563249,0.9969495
AdaPatch,3,0.06547116,0.06331368,0.99665767
