Model,Horizon,MSE,MAE,R2
iTransformer,3,0.061853893,0.055019546,0.9968423
