Model,Horizon,MSE,MAE,R2,RMSE,MSE_USD,MAE_USD,RMSE_USD
DLinear,5,0.08589658,0.06630394,0.99583024,0.2930812,219.22017928725253,2.5120078399572767,14.80608588679846
