Model,Horizon,MSE,MAE,RMSE,R2,MSE_USD,MAE_USD,RMSE_USD
DLinear,5,0.091279164,0.07107917,0.3021244,0.995569,231.85080179033383,2.754960587690625,15.226647752881586
DLinear,20,0.30414835,0.1336772,0.55149645,0.9851614,753.6185909643208,5.2461508496052405,27.45211450807243
DLinear,60,0.74591917,0.2273758,0.8636661,0.9631825,1899.1741485208115,8.931232923126531,43.57951523962619
DLinear,120,1.341526,0.31917566,1.1582427,0.93273115,3473.8826672590044,12.876653584190446,58.93965275821537
DLinear,240,2.555262,0.46485496,1.5985187,0.868567,6151.974404793908,18.556990922888527,78.43452304179525
iTransformer,5,0.14917360246181488,0.10097340494394302,0.3862299919128418,0.992758572101593,419.39342643680607,4.112221595317806,20.479097305223345
