{
  "label_a": "TrackB+RA",
  "label_b": "MSE+simple",
  "csv_a": "timeseries_xs_GCFormer_global_H5_long_short_riskhead_RA.csv",
  "csv_b": "timeseries_xs_GCFormer_global_H5_long_short_mse.csv",
  "n_returns": 49,
  "horizon": 5,
  "n_boot": 5000,
  "expected_block": 5.0,
  "point_sharpe_a": 4.1633637446035054,
  "point_sharpe_b": 3.854221118383855,
  "point_sharpe_diff": 0.3091426262196504,
  "ci95_a": {
    "lo": 2.0744936551329736,
    "median": 4.255688915130266,
    "hi": 6.8285995727161835
  },
  "ci95_b": {
    "lo": 1.8447972163485755,
    "median": 3.9661235339984424,
    "hi": 6.397021486807544
  },
  "ci95_diff": {
    "lo": -0.6401721860727486,
    "median": 0.28817211079671035,
    "hi": 1.4104662487848076
  },
  "p_one_sided_a_le_b": 0.2534
}