{
  "label_a": "TrackB+RA",
  "label_b": "MSE+simple",
  "csv_a": "timeseries_xs_GCFormer_global_H60_long_short_riskhead_RA.csv",
  "csv_b": "timeseries_xs_GCFormer_global_H60_long_short_mse.csv",
  "n_returns": 4,
  "horizon": 60,
  "n_boot": 5000,
  "expected_block": 5.0,
  "point_sharpe_a": 1.6484167830133047,
  "point_sharpe_b": -0.3230493683231455,
  "point_sharpe_diff": 1.9714661513364502,
  "ci95_a": {
    "lo": 0.4856362671453022,
    "median": 1.6484167830133045,
    "hi": 5.081077069833806
  },
  "ci95_b": {
    "lo": -2.0028661608480913,
    "median": -0.3230493683231455,
    "hi": 1.258565540800276
  },
  "ci95_diff": {
    "lo": 1.4942699374091748,
    "median": 1.9714661513364502,
    "hi": 4.6493524593846365
  },
  "p_one_sided_a_le_b": 0.0
}